name,publisher,gender,race,eyeColor,hairColor,height,weight,alignment,intelligence,strength,speed,durability,power,combat,total
A-Bomb,Marvel Comics,Male,Human / Radiation,yellow,No Hair,203,441,good,38,100,17,80,17,64,316
Abe Sapien,Dark Horse Comics,Male,Icthyo Sapien,blue,No Hair,191,65,good,88,14,35,42,35,85,299
Abin Sur,DC Comics,Male,Ungaran,blue,No Hair,185,90,good,50,90,53,64,84,65,406
Abomination,Marvel Comics,Male,Human / Radiation,green,No Hair,203,441,bad,63,80,53,90,55,95,436
Abraxas,Marvel Comics,Male,Cosmic Entity,blue,Black,99,99,bad,88,100,83,99,100,56,526
Absorbing Man,Marvel Comics,Male,Human,blue,No Hair,193,122,bad,NA,NA,NA,NA,NA,NA,NA
Adam Monroe,NBC  Heroes,Male,NA,blue,Blond,99,99,good,63,10,12,100,71,64,320
Agent Bob,Marvel Comics,Male,Human,brown,Brown,178,81,good,10,8,13,5,5,20,61
Agent Zero,Marvel Comics,Male,NA,NA,NA,191,104,good,75,28,38,80,72,95,388
Air Walker,Marvel Comics,Male,NA,blue,White,188,108,bad,50,85,100,85,100,40,460
Ajax,Marvel Comics,Male,Cyborg,brown,Black,193,90,bad,NA,NA,NA,NA,NA,NA,NA
Alan Scott,DC Comics,Male,NA,blue,Blond,180,90,good,63,80,23,90,98,32,386
Alex Mercer,Wildstorm,Male,Human,NA,NA,99,99,bad,NA,NA,NA,NA,NA,NA,NA
Alfred Pennyworth,DC Comics,Male,Human,blue,Black,178,72,good,63,10,17,10,7,55,162
Alien,Dark Horse Comics,Male,Xenomorph XX121,NA,No Hair,244,169,bad,NA,NA,NA,NA,NA,NA,NA
Amazo,DC Comics,Male,Android,red,NA,257,173,bad,75,100,100,100,100,100,575
Angel,Marvel Comics,Male,Mutant,blue,Blond,183,68,good,63,13,46,64,17,42,245
Angel Dust,Marvel Comics,Female,Mutant,yellow,Black,165,57,good,NA,NA,NA,NA,NA,NA,NA
Angel Salvadore,Marvel Comics,Female,NA,brown,Black,163,54,good,38,10,28,28,46,60,210
Animal Man,DC Comics,Male,Human,blue,Blond,183,83,good,56,48,47,85,73,80,389
Annihilus,Marvel Comics,Male,NA,green,No Hair,180,90,bad,75,80,47,56,59,64,381
AntMan,Marvel Comics,Male,Human,blue,Blond,211,122,good,100,10,23,28,32,32,225
AntMan II,Marvel Comics,Male,Human,blue,Blond,183,86,good,63,10,23,28,32,28,184
AntiMonitor,DC Comics,Male,God / Eternal,yellow,No Hair,61,99,bad,88,90,38,90,100,90,496
AntiVenom,Marvel Comics,Male,Symbiote,blue,Blond,229,358,NA,75,60,65,90,85,84,459
Apocalypse,Marvel Comics,Male,Mutant,red,Black,213,135,bad,100,100,33,100,100,60,493
Aquababy,DC Comics,Male,NA,blue,Blond,99,99,good,10,16,12,14,37,14,103
Aqualad,DC Comics,Male,Atlantean,blue,Black,178,106,good,63,44,42,75,76,60,360
Aquaman,DC Comics,Male,Atlantean,blue,Blond,185,146,good,63,80,50,80,65,80,418
Archangel,Marvel Comics,Male,Mutant,blue,Blond,183,68,good,63,13,58,64,28,42,268
Arclight,Marvel Comics,Female,NA,violet,Purple,173,57,bad,38,63,23,42,52,70,288
Ardina,Marvel Comics,Female,Alien,white,Orange,193,98,good,NA,NA,NA,NA,NA,NA,NA
Ares,Marvel Comics,Male,NA,brown,Brown,185,270,good,75,82,35,80,62,101,435
Ariel,Marvel Comics,Female,NA,purple,Pink,165,59,good,50,10,12,14,72,28,186
Armor,Marvel Comics,Female,NA,black,Black,163,50,good,50,63,12,80,55,54,314
Atlas,Marvel Comics,Male,Mutant,brown,Red,183,101,good,50,80,23,99,69,42,363
Atom Girl,DC Comics,Female,NA,black,Black,168,54,good,38,10,23,28,38,42,179
Aurora,Marvel Comics,Female,Mutant,blue,Black,180,63,good,50,15,83,56,69,56,329
Azazel,Marvel Comics,Male,Neyaphem,yellow,Black,183,67,bad,50,11,47,95,87,80,370
Azrael,DC Comics,Male,Human,brown,Black,99,99,good,63,18,17,20,35,80,233
Bane,DC Comics,Male,Human,NA,NA,203,180,bad,88,53,23,56,51,95,366
Banshee,Marvel Comics,Male,Human,green,Strawberry Blond,183,77,good,50,10,58,42,60,70,290
Bantam,Marvel Comics,Male,NA,brown,Black,165,54,good,25,53,23,54,21,56,232
Batgirl IV,DC Comics,Female,Human,green,Black,165,52,good,69,12,27,56,42,100,306
Batgirl VI,DC Comics,Female,NA,blue,Blond,168,61,good,75,10,23,28,22,80,238
Batman,DC Comics,Male,Human,blue,black,188,95,good,100,18,27,42,37,100,324
Batman II,DC Comics,Male,Human,blue,Black,178,79,good,88,11,33,28,36,100,296
Battlestar,Marvel Comics,Male,NA,brown,Black,198,133,good,50,53,35,74,48,74,334
Batwoman V,DC Comics,Female,Human,green,Red,178,99,good,NA,NA,NA,NA,NA,NA,NA
Beast,Marvel Comics,Male,Mutant,blue,Blue,180,181,good,88,48,35,56,35,84,346
Beast Boy,DC Comics,Male,Human,green,Green,173,68,good,50,28,50,70,79,40,317
Ben 10,DC Comics,Male,NA,NA,NA,99,99,good,10,7,8,10,90,40,165
Beta Ray Bill,Marvel Comics,Male,NA,NA,No Hair,201,216,good,63,80,35,95,100,84,457
Beyonder,Marvel Comics,Male,God / Eternal,NA,NA,99,99,good,88,100,23,100,100,56,467
Big Barda,DC Comics,Female,New God,blue,Black,188,135,bad,63,90,23,85,42,72,375
Big Daddy,Icon Comics,Male,NA,NA,NA,99,99,good,38,10,12,32,22,64,178
Big Man,Marvel Comics,Male,NA,blue,Brown,165,71,bad,75,12,23,28,19,70,227
Bill Harken,SyFy,Male,Alpha,NA,NA,99,99,good,63,36,33,60,23,40,255
Bionic Woman,Charlton Comics,Female,Cyborg,blue,Black,99,99,good,NA,NA,NA,NA,NA,NA,NA
BirdBrain,Marvel Comics,NA,NA,NA,NA,99,99,good,25,10,35,28,21,42,161
Bishop,Marvel Comics,Male,Mutant,brown,No Hair,198,124,good,63,14,23,75,85,65,325
Bizarro,DC Comics,Male,Bizarro,black,Black,191,155,neutral,75,95,100,100,95,85,550
Black Adam,DC Comics,Male,NA,brown,Black,191,113,bad,88,100,92,100,89,56,525
Black Bolt,Marvel Comics,Male,Inhuman,blue,Black,188,95,good,75,67,100,84,100,56,482
Black Cat,Marvel Comics,Female,Human,green,Blond,178,54,good,75,16,33,10,23,70,227
Black Flash,DC Comics,Male,God / Eternal,NA,NA,99,99,neutral,NA,NA,NA,NA,NA,NA,NA
Black Knight III,Marvel Comics,Male,Human,brown,Brown,183,86,good,63,10,8,70,43,70,264
Black Lightning,DC Comics,Male,NA,brown,No Hair,185,90,good,50,11,53,28,70,75,287
Black Mamba,Marvel Comics,Female,NA,green,Black,170,52,bad,75,10,35,42,78,65,305
Black Manta,DC Comics,Male,Human,black,No Hair,188,92,bad,NA,NA,NA,NA,NA,NA,NA
Black Panther,Marvel Comics,Male,Human,brown,Black,183,90,good,88,16,30,60,41,100,335
Black Widow,Marvel Comics,Female,Human,green,Auburn,170,59,good,75,13,27,32,32,100,279
Blackout,Marvel Comics,Male,Demon,red,White,191,104,bad,63,32,45,80,38,65,323
Blackwing,Marvel Comics,Male,NA,blue,Black,185,86,bad,38,10,35,32,20,56,191
Blackwulf,Marvel Comics,Male,Alien,red,White,188,88,NA,50,28,8,30,59,25,200
Blade,Marvel Comics,Male,Vampire,brown,Black,188,97,good,63,28,38,50,33,90,302
Bling!,Marvel Comics,Female,NA,NA,NA,168,68,good,69,14,12,90,52,28,265
Blink,Marvel Comics,Female,Mutant,green,Magenta,165,56,good,50,8,20,28,55,64,225
Blizzard III,Marvel Comics,Male,NA,brown,Brown,175,77,bad,38,10,27,42,47,56,220
Blob,Marvel Comics,Male,NA,brown,Brown,178,230,bad,10,83,23,95,26,72,309
Bloodaxe,Marvel Comics,Female,Human,blue,Brown,218,495,bad,63,80,33,80,84,84,424
Bloodhawk,Marvel Comics,Male,Mutant,black,No Hair,99,99,good,50,10,50,80,66,64,320
Blue Beetle IV,DC Comics,Male,Human,brown,Black,99,99,good,50,34,58,80,97,30,349
Boba Fett,George Lucas,Male,Human / Clone,brown,Black,183,99,bad,NA,NA,NA,NA,NA,NA,NA
BoomBoom,Marvel Comics,Female,Mutant,blue,Blond,165,55,good,38,10,12,42,56,64,222
Booster Gold,DC Comics,Male,Human,blue,Blond,196,97,good,56,85,53,50,72,40,356
Box IV,Marvel Comics,NA,NA,brown,Brown / Black,99,99,good,50,75,23,28,11,56,243
Brainiac,DC Comics,Male,Android,green,No Hair,198,135,bad,100,28,63,90,60,75,416
Brainiac 5,DC Comics,Male,NA,green,Blond,170,61,good,100,10,23,28,60,32,253
Brundlefly,NA,Male,Mutant,NA,NA,193,99,NA,NA,NA,NA,NA,NA,NA,NA
Buffy,Dark Horse Comics,Female,Human,green,Blond,157,52,good,NA,NA,NA,NA,NA,NA,NA
Bullseye,Marvel Comics,Male,Human,blue,blond,183,90,bad,50,11,25,70,20,70,246
Bumblebee,DC Comics,Female,Human,brown,Black,170,59,good,63,28,25,10,45,35,206
Bushido,DC Comics,Male,Human,NA,NA,99,99,good,38,10,8,10,19,70,155
Cable,Marvel Comics,Male,Mutant,blue,White,203,158,good,88,48,23,56,100,80,395
Callisto,Marvel Comics,Female,NA,blue,Black,175,74,bad,63,53,23,42,45,85,311
Cameron Hicks,SyFy,Male,Alpha,NA,NA,99,99,good,50,10,23,28,51,70,232
Cannonball,Marvel Comics,Male,NA,blue,Blond,183,81,good,50,28,67,99,79,56,379
Captain America,Marvel Comics,Male,Human,blue,blond,188,108,good,63,19,35,56,46,100,319
Captain Britain,Marvel Comics,Male,Human,blue,Blond,198,116,good,75,77,50,60,31,80,373
Captain Cold,DC Comics,Male,Human,brown,Brown,99,99,neutral,NA,NA,NA,NA,NA,NA,NA
Captain Hindsight,South Park,Male,Human,NA,Black,99,99,good,NA,NA,NA,NA,NA,NA,NA
Captain Marvel,Marvel Comics,Female,Human,blue,Blond,180,74,good,100,100,67,95,62,56,480
Captain Marvel II,DC Comics,Male,Human,blue,Black,175,74,good,75,81,27,90,34,56,363
Captain Midnight,Dark Horse Comics,Male,Human,NA,NA,99,99,good,NA,NA,NA,NA,NA,NA,NA
Carnage,Marvel Comics,Male,Symbiote,green,Red,185,86,bad,63,63,70,84,81,90,451
Catwoman,DC Comics,Female,Human,green,Black,175,61,good,63,13,33,28,24,85,246
Century,Marvel Comics,Male,Alien,white,White,201,97,good,88,80,53,64,74,100,459
Chamber,Marvel Comics,Male,Mutant,brown,Brown,175,63,good,50,10,20,80,57,64,281
Chameleon,DC Comics,Male,NA,NA,NA,99,99,bad,88,10,12,28,28,28,194
Changeling,Marvel Comics,Male,NA,brown,Black,180,81,bad,63,10,23,42,64,64,266
Chuck Norris,NA,Male,God,NA,NA,178,99,good,50,80,47,56,42,99,374
Citizen Steel,DC Comics,Male,Human,green,Red,183,170,good,NA,NA,NA,NA,NA,NA,NA
Claire Bennet,NBC  Heroes,Female,NA,blue,Blond,99,99,good,38,9,12,100,73,28,260
Cloak,Marvel Comics,Male,NA,brown,black,226,70,good,63,10,47,64,74,56,314
Clock King,DC Comics,Male,Human,blue,Black,178,78,bad,NA,NA,NA,NA,NA,NA,NA
Colossus,Marvel Comics,Male,Mutant,silver,Black,226,225,good,63,83,33,100,46,80,405
Copycat,Marvel Comics,Female,Mutant,red,White,183,67,neutral,NA,NA,NA,NA,NA,NA,NA
Cottonmouth,Marvel Comics,Male,Human,brown,Black,183,99,bad,NA,NA,NA,NA,NA,NA,NA
Crystal,Marvel Comics,Female,Inhuman,green,Red,168,50,good,63,16,12,14,57,56,218
Cyborg,DC Comics,Male,Cyborg,brown,Black,198,173,good,75,53,42,85,72,64,391
Cyborg Superman,DC Comics,Male,Cyborg,blue,Black,99,99,bad,75,93,92,100,100,80,540
Cyclops,Marvel Comics,Male,Mutant,brown,Brown,191,88,good,75,10,23,42,76,80,306
Dagger,Marvel Comics,Female,NA,blue,Blond,165,52,good,63,10,35,42,52,70,272
Daphne Powell,ABC Studios,Female,NA,NA,NA,99,99,good,38,10,8,10,56,10,132
Daredevil,Marvel Comics,Male,Human,blue,Red,183,90,good,75,13,27,28,57,95,295
Darkhawk,Marvel Comics,Male,Human,brown,Brown,185,81,good,50,32,33,70,74,64,323
Darkman,Universal Studios,Male,NA,NA,NA,99,99,good,75,14,23,85,12,28,237
Darkseid,DC Comics,Male,New God,red,No Hair,267,817,bad,88,100,23,100,100,95,506
Darkstar,Marvel Comics,Female,Mutant,brown,Blond,168,56,good,38,8,35,42,52,64,239
Darth Maul,George Lucas,Male,Dathomirian Zabrak,yellow / red,NA,170,99,bad,NA,NA,NA,NA,NA,NA,NA
Darth Vader,George Lucas,Male,Cyborg,yellow,No Hair,198,135,bad,NA,NA,NA,NA,NA,NA,NA
Dash,Dark Horse Comics,Male,Human,blue,Blond,122,27,good,9,4,83,42,12,28,178
Data,Star Trek,Male,Android,yellow,Brown,99,99,good,NA,NA,NA,NA,NA,NA,NA
Dazzler,Marvel Comics,Female,Mutant,blue,Blond,173,52,good,63,10,35,42,64,56,270
Deadman,DC Comics,Male,Human,blue,Black,183,90,good,50,10,33,100,100,42,335
Deadpool,Marvel Comics,Male,Mutant,brown,No Hair,188,95,neutral,50,15,30,100,100,100,395
Deadshot,DC Comics,Male,Human,brown,Brown,185,91,bad,50,10,23,28,47,80,238
Deathlok,Marvel Comics,Male,Cyborg,brown,Grey,193,178,good,69,32,30,70,40,60,301
Deathstroke,DC Comics,Male,Human,blue,White,193,101,neutral,75,30,35,100,36,90,366
Demogoblin,Marvel Comics,Male,Demon,red,No Hair,185,95,bad,50,48,42,35,54,60,289
Destroyer,Marvel Comics,Male,NA,NA,NA,188,383,bad,50,95,58,98,90,70,461
Diamondback,Marvel Comics,Male,Human,brown,Black,193,90,bad,NA,NA,NA,NA,NA,NA,NA
DL Hawkins,NBC  Heroes,Male,NA,NA,NA,99,99,good,50,12,12,56,48,56,234
Doc Samson,Marvel Comics,Male,Human / Radiation,blue,Green,198,171,good,75,80,33,80,36,70,374
Doctor Doom,Marvel Comics,Male,Human,brown,Brown,201,187,bad,100,32,20,100,93,84,429
Doctor Fate,DC Comics,Male,Human,blue,Blond,188,89,good,81,16,25,80,100,50,352
Doctor Strange,Marvel Comics,Male,Human,grey,Black,188,81,good,100,10,12,84,100,60,366
Domino,Marvel Comics,Female,Human,blue,Black,173,54,good,63,10,27,28,49,74,251
Donatello,IDW Publishing,Male,Mutant,green,No Hair,99,99,good,NA,NA,NA,NA,NA,NA,NA
Doomsday,DC Comics,Male,Alien,red,White,244,412,bad,88,80,67,120,100,90,545
Doppelganger,Marvel Comics,Male,NA,white,No Hair,196,104,bad,8,63,60,95,62,84,372
Dormammu,Marvel Comics,Male,Faltine,yellow,No Hair,185,99,bad,88,95,83,100,100,80,546
Dr Manhattan,DC Comics,Male,Human / Cosmic,white,No Hair,99,99,good,88,32,42,95,100,42,399
Drax the Destroyer,Marvel Comics,Male,Human / Altered,red,No Hair,193,306,good,NA,NA,NA,NA,NA,NA,NA
Ego,Marvel Comics,NA,Celestial,NA,NA,99,99,bad,88,80,83,99,71,28,449
Elastigirl,Dark Horse Comics,Female,Human,brown,Brown,168,56,good,38,32,12,90,20,14,206
Electro,Marvel Comics,Male,Human,blue,Auburn,180,74,bad,69,10,50,56,67,64,316
Elektra,Marvel Comics,Female,Human,blue,Black,175,59,good,63,11,30,28,59,100,291
Elle Bishop,NBC  Heroes,Female,NA,blue,Blond,99,99,bad,50,8,12,42,63,42,217
Elongated Man,DC Comics,Male,NA,blue,Red,185,80,good,38,10,27,90,41,42,248
Emma Frost,Marvel Comics,Female,NA,blue,Blond,178,65,good,75,63,35,90,82,42,387
Enchantress,DC Comics,Female,Human,blue,Blond,168,57,good,NA,NA,NA,NA,NA,NA,NA
Ethan Hunt,NA,Male,Human,brown,Brown,168,99,good,NA,NA,NA,NA,NA,NA,NA
Etrigan,DC Comics,Male,Demon,red,No Hair,193,203,neutral,NA,NA,NA,NA,NA,NA,NA
Evil Deadpool,Marvel Comics,Male,Mutant,white,Red,188,95,bad,NA,NA,NA,NA,NA,NA,NA
Evilhawk,Marvel Comics,Male,Alien,red,Black,191,106,bad,50,32,33,70,78,64,327
Exodus,Marvel Comics,Male,Mutant,blue,Black,183,88,bad,63,81,28,28,100,70,370
Falcon,Marvel Comics,Male,Human,brown,Black,188,108,good,38,13,50,28,22,64,215
Fallen One II,Marvel Comics,Male,NA,black,Blue,99,99,bad,88,85,83,100,100,56,512
Faora,DC Comics,Female,Kryptonian,NA,NA,99,99,bad,88,95,75,100,87,90,535
Feral,Marvel Comics,NA,NA,yellow (without irises),Orange / White,175,50,good,38,28,45,28,20,70,229
Fin Fang Foom,Marvel Comics,Male,Kakarantharaian,red,No Hair,975,18,good,50,81,23,100,68,70,392
Firebird,Marvel Comics,Female,NA,brown,Black,165,56,good,38,8,40,14,90,42,232
Firelord,Marvel Comics,NA,NA,white,Yellow,193,99,good,38,63,75,90,48,28,342
Firestar,Marvel Comics,Female,Mutant,green,Red,173,56,good,50,8,54,55,71,32,270
Firestorm,DC Comics,Male,Human,blue,Auburn,188,91,good,50,53,58,56,100,42,359
Flash,DC Comics,Male,Human,blue,Brown / White,180,81,good,63,10,100,50,57,32,312
Flash II,DC Comics,Male,Human,blue,Blond,183,88,good,63,10,100,60,66,32,331
Flash III,DC Comics,Male,Human,NA,NA,183,86,good,63,10,100,60,83,32,348
Flash IV,DC Comics,Male,Human,yellow,Auburn,157,52,good,63,10,100,32,59,48,312
Forge,Marvel Comics,NA,NA,brown,Black,183,81,good,63,10,12,28,12,48,173
Franklin Storm,Marvel Comics,NA,NA,blue,Grey,188,92,good,38,10,1,1,0,10,60
Frenzy,Marvel Comics,Female,NA,brown,Black,211,104,bad,63,53,35,100,38,52,341
Galactus,Marvel Comics,Male,Cosmic Entity,black,Black,876,16,neutral,100,100,83,100,100,70,553
Gambit,Marvel Comics,Male,Mutant,red,Brown,185,81,good,63,10,23,28,55,84,263
Gamora,Marvel Comics,Female,ZenWhoberian,yellow,Black,183,77,good,NA,NA,NA,NA,NA,NA,NA
Gary Bell,SyFy,Male,Alpha,NA,NA,99,99,good,63,5,8,10,54,10,150
General Zod,DC Comics,Male,Kryptonian,black,Black,99,99,bad,94,100,96,100,94,95,579
Ghost Rider,Marvel Comics,Male,Demon,red,No Hair,188,99,good,50,55,25,100,70,60,360
Giganta,DC Comics,Female,NA,green,Red,62.5,630,bad,81,89,23,85,32,42,352
Gladiator,Marvel Comics,Male,Strontian,blue,Blue,198,268,neutral,NA,NA,NA,NA,NA,NA,NA
Goblin Queen,Marvel Comics,Female,Mutant,green,Red,168,50,bad,75,10,23,28,65,56,257
Godzilla,NA,NA,Kaiju,NA,NA,108,NA,bad,NA,NA,NA,NA,NA,NA,NA
Gog,DC Comics,Male,NA,NA,NA,99,99,bad,50,34,47,72,39,56,298
Goku,Shueisha,Male,Saiyan,NA,NA,175,62,good,56,100,75,90,100,100,521
Gorilla Grodd,DC Comics,Male,Gorilla,yellow,Black,198,270,bad,NA,NA,NA,NA,NA,NA,NA
Gravity,Marvel Comics,Male,Human,blue,Brown,178,79,good,50,32,33,40,72,30,257
Greedo,George Lucas,Male,Rodian,purple,NA,170,99,bad,NA,NA,NA,NA,NA,NA,NA
Green Arrow,DC Comics,Male,Human,green,Blond,188,88,good,75,12,35,28,26,90,266
Green Goblin,Marvel Comics,Male,Human,blue,Auburn,180,83,bad,75,48,35,48,38,28,272
Green Goblin II,Marvel Comics,Male,Human,blue,Auburn,178,77,bad,75,55,37,50,38,26,281
Groot,Marvel Comics,Male,Flora Colossus,yellow,NA,701,4,good,75,85,33,70,92,64,419
Guy Gardner,DC Comics,Male,HumanVuldarian,blue,Red,188,95,good,38,80,27,64,97,64,370
Hal Jordan,DC Comics,Male,Human,brown,Brown,188,90,good,63,90,53,64,100,56,426
Han Solo,George Lucas,Male,Human,brown,Brown,183,79,good,NA,NA,NA,NA,NA,NA,NA
Hancock,Sony Pictures,Male,Human,brown,Black,188,99,good,50,85,65,100,70,28,398
Harley Quinn,DC Comics,Female,Human,blue,Blond,170,63,bad,81,12,23,42,30,80,268
Harry Potter,J. K. Rowling,Male,Human,green,Black,99,99,good,NA,NA,NA,NA,NA,NA,NA
Havok,Marvel Comics,Male,Mutant,blue,Blond,183,79,good,63,10,25,60,71,45,274
Hawk,DC Comics,Male,NA,red,Brown,185,89,good,38,38,35,95,36,42,284
Hawkeye,Marvel Comics,Male,Human,blue,Blond,191,104,good,50,12,23,14,26,80,205
Hawkeye II,Marvel Comics,Female,Human,blue,Black,165,57,good,50,6,8,10,24,50,148
Hawkgirl,DC Comics,Female,NA,green,Red,175,61,good,50,28,53,99,74,72,376
Heat Wave,DC Comics,Male,Human,blue,No Hair,180,81,bad,NA,NA,NA,NA,NA,NA,NA
Hela,Marvel Comics,Female,Asgardian,green,Black,213,225,bad,NA,NA,NA,NA,NA,NA,NA
Hellboy,Dark Horse Comics,Male,Demon,gold,Black,259,158,good,63,53,23,85,30,75,329
Hellcat,Marvel Comics,Female,Human,blue,Red,173,61,good,50,10,23,42,18,70,213
Hercules,Marvel Comics,Male,DemiGod,blue,Brown,196,146,good,63,100,46,85,67,100,461
HitGirl,Icon Comics,Female,Human,NA,NA,99,99,good,10,8,23,14,21,56,132
Hope Summers,Marvel Comics,Female,NA,green,Red,168,48,good,63,10,12,32,89,75,281
Hulk,Marvel Comics,Male,Human / Radiation,green,Green,244,630,good,88,100,47,100,41,85,461
Human Torch,Marvel Comics,Male,Human / Radiation,blue,Blond,178,77,good,56,10,63,70,74,42,315
Huntress,DC Comics,Female,Human,blue,Black,180,59,good,69,10,23,28,34,95,259
Husk,Marvel Comics,Female,Mutant,blue,Blond,170,58,good,63,63,35,78,53,64,356
Hybrid,Marvel Comics,Male,Symbiote,brown,Black,175,77,good,38,13,25,80,66,50,272
HydroMan,Marvel Comics,Male,NA,brown,Brown,188,119,bad,38,13,25,80,66,50,272
Hyperion,Marvel Comics,Male,Eternal,blue,Red,183,207,good,63,95,75,95,58,72,458
Iceman,Marvel Comics,Male,Mutant,brown,Brown,173,65,good,63,32,53,100,100,64,412
Impulse,DC Comics,Male,Human,yellow,Auburn,170,65,good,50,10,100,60,63,60,343
Indiana Jones,George Lucas,Male,Human,NA,NA,183,79,good,NA,NA,NA,NA,NA,NA,NA
Indigo,DC Comics,Female,Alien,NA,Purple,99,99,neutral,NA,NA,NA,NA,NA,NA,NA
Ink,Marvel Comics,Male,Mutant,blue,No Hair,180,81,good,38,28,17,40,66,50,239
Invisible Woman,Marvel Comics,Female,Human / Radiation,blue,Blond,168,54,good,69,10,27,70,74,56,306
Iron Fist,Marvel Comics,Male,Human,blue,Blond,180,79,good,75,23,35,42,43,100,318
Iron Man,Marvel Comics,Male,Human,blue,Black,198,191,good,100,85,58,85,100,64,492
Iron Monger,Marvel Comics,Male,Human,blue,No Hair,99,2,bad,88,63,25,90,57,56,379
Isis,DC Comics,Female,NA,NA,NA,99,99,good,75,48,75,46,43,56,343
Jack of Hearts,Marvel Comics,Male,Human,blue / white,Brown,155,79,good,63,55,100,30,70,30,348
JackJack,Dark Horse Comics,Male,Human,blue,Brown,71,14,good,6,34,67,80,69,6,262
James Bond,Titan Books,Male,Human,blue,Blond,183,99,good,NA,NA,NA,NA,NA,NA,NA
James T. Kirk,Star Trek,Male,Human,hazel,Brown,178,77,good,NA,NA,NA,NA,NA,NA,NA
Jar Jar Binks,George Lucas,Male,Gungan,yellow,NA,193,99,good,NA,NA,NA,NA,NA,NA,NA
Jason Bourne,NA,Male,Human,NA,NA,99,99,good,NA,NA,NA,NA,NA,NA,NA
Jean Grey,Marvel Comics,Female,Mutant,green,Red,168,52,good,100,80,67,100,100,70,517
JeanLuc Picard,Star Trek,Male,Human,NA,NA,99,99,good,NA,NA,NA,NA,NA,NA,NA
Jennifer Kale,Marvel Comics,Female,NA,blue,Blond,168,55,good,75,10,35,42,61,72,295
Jesse Quick,DC Comics,Female,Human,NA,NA,99,99,good,NA,NA,NA,NA,NA,NA,NA
Jessica Cruz,DC Comics,Female,Human,green,Brown,99,99,good,NA,NA,NA,NA,NA,NA,NA
Jessica Jones,Marvel Comics,Female,Human,brown,Brown,170,56,good,NA,NA,NA,NA,NA,NA,NA
Jim Powell,ABC Studios,Male,NA,NA,NA,99,99,good,38,38,23,80,23,20,222
JJ Powell,ABC Studios,Male,NA,NA,NA,99,99,good,88,10,8,10,14,10,140
John Constantine,DC Comics,Male,Human,blue,Blond,183,99,good,NA,NA,NA,NA,NA,NA,NA
John Stewart,DC Comics,Male,Human,green,Black,185,90,good,50,80,27,64,94,54,369
John Wraith,Marvel Comics,Male,NA,brown,Black,183,88,good,75,12,35,28,65,80,295
Joker,DC Comics,Male,Human,green,Green,196,86,bad,100,10,12,56,22,90,290
Jolt,Marvel Comics,Female,NA,blue,Black,165,49,good,63,12,27,32,31,42,207
Jubilee,Marvel Comics,Female,Mutant,red,Black,165,52,good,56,8,22,20,66,90,262
Judge Dredd,Rebellion,Male,Human,NA,NA,188,99,good,NA,NA,NA,NA,NA,NA,NA
Juggernaut,Marvel Comics,Male,Human,blue,Red,287,855,neutral,44,100,42,100,74,70,430
Junkpile,Marvel Comics,Male,Mutant,NA,NA,99,99,bad,50,38,17,90,71,30,296
Justice,Marvel Comics,Male,Human,hazel,Brown,178,81,good,50,10,33,70,55,30,248
Jyn Erso,George Lucas,Female,Human,green,Brown,99,99,good,NA,NA,NA,NA,NA,NA,NA
K2SO,George Lucas,Male,Android,white,No Hair,213,99,good,NA,NA,NA,NA,NA,NA,NA
Kang,Marvel Comics,Male,NA,brown,Brown,191,104,bad,100,48,58,70,71,70,417
Karate Kid,DC Comics,Male,Human,brown,Brown,173,72,good,NA,NA,NA,NA,NA,NA,NA
Kathryn Janeway,Star Trek,Female,Human,NA,NA,99,99,good,NA,NA,NA,NA,NA,NA,NA
Katniss Everdeen,NA,Female,Human,NA,NA,99,99,good,NA,NA,NA,NA,NA,NA,NA
Kevin 11,DC Comics,Male,Human,NA,Black,99,99,good,25,7,12,14,100,40,198
KickAss,Icon Comics,Male,Human,blue,Blond,99,99,good,10,10,23,14,21,56,134
Kid Flash,DC Comics,Male,Human,green,Red,99,99,good,25,4,92,42,13,30,206
Killer Croc,DC Comics,Male,Metahuman,red,No Hair,244,356,bad,25,48,33,85,36,60,287
Killer Frost,DC Comics,Female,Human,blue,Blond,99,99,bad,NA,NA,NA,NA,NA,NA,NA
Kilowog,DC Comics,Male,Bolovaxian,red,No Hair,234,324,good,81,90,53,42,100,80,446
King Kong,NA,Male,Animal,yellow,Black,30.5,NA,good,NA,NA,NA,NA,NA,NA,NA
King Shark,DC Comics,Male,Animal,black,No Hair,99,99,bad,NA,NA,NA,NA,NA,NA,NA
Kingpin,Marvel Comics,Male,Human,blue,No Hair,201,203,bad,75,18,25,40,13,70,241
Klaw,Marvel Comics,Male,Human,red,No Hair,188,97,bad,63,38,33,100,62,60,356
KoolAid Man,NA,Male,NA,black,No Hair,99,99,good,25,10,12,14,10,14,85
Kraven II,Marvel Comics,Male,Human,brown,Black,191,99,bad,50,34,23,28,36,85,256
Kraven the Hunter,Marvel Comics,Male,Human,brown,Black,183,106,bad,63,32,35,42,26,85,283
Krypto,DC Comics,Male,Kryptonian,blue,White,64,18,good,9,80,100,90,72,40,391
Kyle Rayner,DC Comics,Male,Human,green,Black,180,79,good,NA,NA,NA,NA,NA,NA,NA
Kylo Ren,George Lucas,Male,Human,NA,NA,99,99,bad,NA,NA,NA,NA,NA,NA,NA
Leader,Marvel Comics,Male,NA,green,No Hair,178,63,bad,100,10,12,14,58,42,236
Leech,Marvel Comics,Male,NA,NA,NA,99,99,good,25,5,12,14,62,14,132
Legion,Marvel Comics,Male,Mutant,green / blue,Black,175,59,good,NA,NA,NA,NA,NA,NA,NA
Leonardo,IDW Publishing,Male,Mutant,blue,No Hair,99,99,good,NA,NA,NA,NA,NA,NA,NA
Lex Luthor,DC Comics,Male,Human,green,No Hair,188,95,bad,100,10,12,14,10,28,174
Light Lass,DC Comics,Female,NA,blue,Red,165,54,good,38,10,35,28,65,42,218
Lightning Lad,DC Comics,Male,NA,blue,Red,155,65,good,38,10,23,28,60,42,201
Lightning Lord,DC Comics,Male,NA,blue,Red,191,95,bad,44,10,23,42,66,42,227
Living Brain,Marvel Comics,NA,NA,yellow,NA,198,360,bad,75,53,35,56,31,28,278
Living Tribunal,Marvel Comics,NA,Cosmic Entity,blue,No Hair,99,99,neutral,NA,NA,NA,NA,NA,NA,NA
Lizard,Marvel Comics,Male,Human,red,No Hair,203,230,bad,38,51,27,70,40,56,282
Lobo,DC Comics,Male,Czarnian,red,Black,229,288,neutral,88,83,35,100,95,85,486
Loki,Marvel Comics,Male,Asgardian,green,Black,193,236,bad,88,57,47,85,85,56,418
Longshot,Marvel Comics,Male,Human,blue,Blond,188,36,good,50,10,27,10,71,70,238
Luke Cage,Marvel Comics,Male,Human,brown,Black,198,191,good,44,55,23,95,35,64,316
Luke Skywalker,George Lucas,Male,Human,blue,Blond,168,77,good,NA,NA,NA,NA,NA,NA,NA
Luna,Marvel Comics,Female,Human,NA,NA,99,99,good,38,6,83,14,53,14,208
MachIV,Marvel Comics,Male,NA,brown,Brown,180,79,bad,75,36,60,84,60,56,371
Machine Man,Marvel Comics,NA,NA,red,Black,183,383,good,63,32,35,84,51,64,329
Magneto,Marvel Comics,Male,Mutant,grey,White,188,86,bad,88,80,27,84,91,80,450
Magog,DC Comics,Male,NA,blue,Blond,99,99,good,50,48,23,64,66,72,323
Magus,Marvel Comics,Male,NA,black,NA,183,99,bad,88,100,70,99,100,74,531
Man of Miracles,Image Comics,NA,God / Eternal,blue,Silver,99,99,NA,NA,NA,NA,NA,NA,NA,NA
ManBat,DC Comics,Male,Human,brown,Brown,99,99,neutral,38,18,50,70,33,30,239
ManThing,Marvel Comics,Male,NA,red,No Hair,213,225,good,50,32,8,100,98,40,328
ManWolf,Marvel Comics,Male,NA,brown,Auburn,188,90,good,63,44,35,42,38,70,292
Mandarin,Marvel Comics,Male,Human,blue,White,188,97,bad,100,28,23,28,99,95,373
Mantis,Marvel Comics,Female,HumanKree,green,Black,168,52,good,NA,NA,NA,NA,NA,NA,NA
Martian Manhunter,DC Comics,Male,Martian,red,No Hair,201,135,good,100,100,96,100,100,85,581
Marvel Girl,Marvel Comics,Female,NA,green,Red,170,56,good,63,85,47,42,100,80,417
Master Chief,Microsoft,Male,Human / Altered,brown,Brown,213,99,good,75,73,35,80,62,100,425
Match,DC Comics,Male,NA,black,Black,99,99,bad,75,95,83,85,90,70,498
Matt Parkman,NBC  Heroes,Male,NA,NA,NA,99,99,good,63,10,12,14,59,56,214
Maverick,Marvel Comics,Male,NA,blue,Black,193,110,good,63,10,12,42,60,85,272
Maxima,DC Comics,Female,NA,brown,Red,180,72,bad,75,90,35,56,67,75,398
Maya Herrera,NBC  Heroes,Female,NA,NA,NA,99,99,good,50,10,12,14,60,14,160
Medusa,Marvel Comics,Female,Inhuman,green,Red,180,59,good,75,34,35,70,35,56,305
Meltdown,Marvel Comics,Female,NA,blue,Blond,165,54,good,38,10,12,42,58,64,224
Mephisto,Marvel Comics,Male,NA,white,Black,198,140,bad,88,85,35,95,100,42,445
Mera,DC Comics,Female,Atlantean,blue,Red,175,72,good,56,62,54,70,55,70,367
Metallo,DC Comics,Male,Android,green,Brown,196,90,bad,75,53,23,95,74,64,384
Metron,DC Comics,Male,NA,blue,Black,185,86,good,88,10,47,56,69,28,298
Micah Sanders,NBC  Heroes,Male,NA,brown,Black,99,99,good,63,8,12,14,57,14,168
Michelangelo,IDW Publishing,Male,Mutant,blue,NA,99,99,good,NA,NA,NA,NA,NA,NA,NA
Micro Lad,DC Comics,Male,NA,grey,Brown,183,77,good,38,28,27,28,44,32,197
Mimic,Marvel Comics,Male,NA,brown,Brown,188,101,good,63,67,47,56,79,42,354
Misfit,DC Comics,Female,NA,blue,Red,99,99,good,63,32,23,80,62,42,302
Miss Martian,DC Comics,Female,Alien,red,Red,178,61,good,63,85,58,100,100,45,451
Mister Fantastic,Marvel Comics,Male,Human / Radiation,brown,Brown,185,81,good,100,10,18,70,32,64,294
Mister Freeze,DC Comics,Male,Human,NA,NA,183,86,bad,75,32,12,70,37,28,254
Mister Knife,Marvel Comics,Male,Spartoi,blue,Brown,99,99,bad,NA,NA,NA,NA,NA,NA,NA
Mister Mxyzptlk,DC Comics,Male,God / Eternal,NA,NA,99,99,bad,113,10,12,14,100,28,277
Mister Zsasz,DC Comics,Male,Human,blue,Blond,99,99,bad,NA,NA,NA,NA,NA,NA,NA
Mockingbird,Marvel Comics,Female,Human,blue,Blond,175,61,good,NA,NA,NA,NA,NA,NA,NA
MODOK,Marvel Comics,Male,Cyborg,white,Brownn,366,338,bad,NA,NA,NA,NA,NA,NA,NA
Molten Man,Marvel Comics,Male,NA,gold,Gold,196,248,bad,50,73,23,84,53,56,339
Monica Dawson,NBC  Heroes,Female,NA,NA,NA,99,99,good,50,10,35,14,48,90,247
Moon Knight,Marvel Comics,Male,Human,brown,Brown,188,101,good,50,36,23,42,28,75,254
Moonstone,Marvel Comics,Female,NA,blue,Blond,180,59,bad,56,67,47,52,79,80,381
Morlun,Marvel Comics,Male,NA,white / red,Black,188,79,bad,63,60,35,42,59,56,315
Moses Magnum,Marvel Comics,Male,NA,brown,Black,175,72,bad,75,28,12,42,55,56,268
Mr Immortal,Marvel Comics,Male,Mutant,blue,Blond,188,70,good,NA,NA,NA,NA,NA,NA,NA
Mr Incredible,Dark Horse Comics,Male,Human,blue,Blond,201,158,good,38,73,35,95,25,42,308
Ms Marvel II,Marvel Comics,Female,NA,blue,Red,173,61,good,38,63,23,84,11,56,275
Multiple Man,Marvel Comics,Male,NA,blue,Brown,180,70,good,63,11,23,70,28,62,257
Mysterio,Marvel Comics,Male,Human,brown,No Hair,180,79,bad,75,10,23,42,50,56,256
Mystique,Marvel Comics,Female,Mutant,yellow (without irises),Red / Orange,178,54,bad,75,12,23,64,58,74,306
Namora,Marvel Comics,Female,NA,blue,Blond,180,85,good,50,85,42,42,41,64,324
Namorita,Marvel Comics,Female,NA,blue,Blond,168,101,good,50,72,47,70,30,70,339
Naruto Uzumaki,Shueisha,Male,Human,NA,NA,168,54,good,50,80,32,80,100,100,442
Nebula,Marvel Comics,Female,Luphomoid,blue,No Hair,185,83,bad,NA,NA,NA,NA,NA,NA,NA
Negasonic Teenage Warhead,Marvel Comics,Female,Mutant,black,Black,99,99,good,NA,NA,NA,NA,NA,NA,NA
Nick Fury,Marvel Comics,Male,Human,brown,Brown / White,185,99,good,75,11,23,42,25,100,276
Nightcrawler,Marvel Comics,Male,Mutant,yellow,Indigo,175,88,good,50,10,47,14,52,80,253
Nightwing,DC Comics,Male,Human,blue,Black,178,79,good,88,11,33,28,36,100,296
Niki Sanders,NBC  Heroes,Female,NA,blue,Blond,99,99,good,63,52,35,28,37,56,271
Nina Theroux,SyFy,Female,Alpha,NA,NA,99,99,good,63,5,8,10,54,20,160
Northstar,Marvel Comics,Male,NA,blue,Black,180,83,good,50,18,83,56,70,70,347
Nova,Marvel Comics,Male,Human,brown,Brown,185,86,good,100,85,67,101,100,85,538
Nova,Marvel Comics,Female,Human / Cosmic,white,Red,163,59,good,38,60,100,100,100,25,423
Odin,Marvel Comics,Male,God / Eternal,blue,White,206,293,good,NA,NA,NA,NA,NA,NA,NA
Offspring,DC Comics,Male,NA,NA,NA,99,99,good,50,10,35,99,100,56,350
One Punch Man,Shueisha,Male,Human,NA,No Hair,175,69,good,NA,NA,NA,NA,NA,NA,NA
OneAboveAll,Marvel Comics,NA,Cosmic Entity,NA,NA,99,99,neutral,NA,NA,NA,NA,NA,NA,NA
Onslaught,Marvel Comics,Male,Mutant,red,No Hair,305,405,bad,88,85,47,100,100,85,505
Oracle,DC Comics,Female,Human,blue,Red,178,59,good,75,11,23,28,19,76,232
Osiris,DC Comics,Male,NA,brown,Brown,99,99,good,75,85,60,95,65,42,422
Ozymandias,DC Comics,Male,Human,blue,Blond,99,99,bad,NA,NA,NA,NA,NA,NA,NA
Parademon,DC Comics,NA,Parademon,NA,NA,99,99,bad,NA,NA,NA,NA,NA,NA,NA
Paul Blart,Sony Pictures,Male,Human,NA,NA,170,117,good,NA,NA,NA,NA,NA,NA,NA
Penguin,DC Comics,Male,Human,blue,Black,157,79,bad,75,10,12,28,30,45,200
Peter Petrelli,NBC  Heroes,Male,NA,NA,NA,99,99,good,63,28,23,28,69,56,267
Phantom Girl,DC Comics,Female,NA,blue,Black,168,54,good,38,10,23,28,53,42,194
Phoenix,Marvel Comics,Female,Mutant,green,Red,168,52,good,100,80,67,100,100,70,517
Plantman,Marvel Comics,Male,Mutant,green,Grey,183,87,bad,NA,NA,NA,NA,NA,NA,NA
Plastic Man,DC Comics,Male,Human,blue,Black,185,80,good,50,63,23,100,100,56,392
Plastique,DC Comics,Female,NA,blue,Red,168,55,bad,50,10,23,28,60,42,213
Poison Ivy,DC Comics,Female,Human,green,Red,168,50,bad,69,14,23,14,71,36,227
Polaris,Marvel Comics,Female,Mutant,green,Green,170,52,good,NA,NA,NA,NA,NA,NA,NA
Power Girl,DC Comics,Female,Kryptonian,blue,blond,180,81,good,88,98,67,95,67,75,490
Predator,Dark Horse Comics,Male,Yautja,NA,NA,213,234,bad,NA,NA,NA,NA,NA,NA,NA
Professor X,Marvel Comics,Male,Mutant,blue,No Hair,183,86,good,100,8,12,14,90,32,256
Professor Zoom,DC Comics,Male,Human,blue,Strawberry Blond,180,81,bad,NA,NA,NA,NA,NA,NA,NA
ProtoGoblin,Marvel Comics,Male,NA,green,Blond,99,99,bad,63,38,23,48,22,28,222
Punisher,Marvel Comics,Male,Human,blue,Black,183,90,good,50,16,23,28,22,100,239
Purple Man,Marvel Comics,Male,Human,purple,Purple,180,74,bad,NA,NA,NA,NA,NA,NA,NA
Pyro,Marvel Comics,Male,NA,blue,Blond,178,68,bad,38,10,12,14,50,28,152
Q,Star Trek,Male,God / Eternal,NA,NA,99,99,NA,NA,NA,NA,NA,NA,NA,NA
Question,DC Comics,Male,Human,blue,Blond,188,83,good,81,14,27,35,20,80,257
Quicksilver,Marvel Comics,Male,Mutant,blue,Silver,183,79,good,63,28,100,60,57,56,364
Quill,Marvel Comics,Male,NA,brown,Brown,163,56,good,38,10,12,14,23,14,111
Ra's Al Ghul,DC Comics,Male,Human,green,Grey,193,97,bad,100,28,32,42,27,100,329
Rachel Pirzad,SyFy,Female,Alpha,NA,NA,99,99,good,63,4,8,10,52,10,147
Rambo,NA,Male,Human,brown,Black,178,83,good,NA,NA,NA,NA,NA,NA,NA
Raphael,IDW Publishing,Male,Mutant,NA,No Hair,99,99,good,NA,NA,NA,NA,NA,NA,NA
Raven,DC Comics,Female,Human,indigo,Black,165,50,neutral,50,10,29,70,62,40,261
Ray,DC Comics,Male,Human,green,Red,178,70,good,NA,NA,NA,NA,NA,NA,NA
Red Arrow,DC Comics,Male,Human,green,Red,180,83,good,63,16,25,20,24,80,228
Red Hood,DC Comics,Male,Human,blue,Black,183,81,neutral,75,12,23,28,24,95,257
Red Hulk,Marvel Comics,Male,Human / Radiation,yellow,Black,213,630,neutral,50,88,47,95,59,75,414
Red Mist,Icon Comics,Male,NA,NA,NA,99,99,bad,25,10,23,14,20,56,148
Red Robin,DC Comics,Male,Human,blue,Black,165,56,good,81,11,27,32,29,80,260
Red Skull,Marvel Comics,Male,NA,blue,No Hair,188,108,bad,75,10,12,14,19,80,210
Red Tornado,DC Comics,Male,Android,green,No Hair,185,146,good,75,38,67,60,92,40,372
Rey,George Lucas,Female,Human,hazel,Brown,297,99,good,NA,NA,NA,NA,NA,NA,NA
Rhino,Marvel Comics,Male,Human / Radiation,brown,Brown,196,320,bad,25,80,43,90,37,85,360
Rick Flag,DC Comics,Male,Human,blue,Brown,185,85,bad,88,11,23,28,19,95,264
Riddler,DC Comics,Male,Human,NA,NA,99,99,bad,100,10,12,14,10,14,160
Rip Hunter,DC Comics,Male,Human,blue,Blond,99,99,good,NA,NA,NA,NA,NA,NA,NA
Robin,DC Comics,Male,Human,blue,Black,178,79,good,88,11,27,28,32,85,271
Robin III,DC Comics,Male,Human,blue,Black,165,56,good,81,11,27,28,30,85,262
Robin IV,DC Comics,Male,Human,blue,Black,137,38,good,69,8,33,16,29,65,220
Rocket Raccoon,Marvel Comics,Male,Animal,brown,Brown,122,25,good,50,5,23,28,28,64,198
Rogue,Marvel Comics,Female,Mutant,green,Brown / White,173,54,good,75,10,12,28,80,80,285
Ronin,Marvel Comics,Male,Human,blue,Blond,191,104,good,38,10,27,32,21,90,218
Rorschach,DC Comics,Male,Human,blue,Red,168,63,good,75,10,29,20,23,80,237
Sabretooth,Marvel Comics,Male,Mutant,amber,Blond,198,171,bad,55,53,25,90,28,100,351
Sage,Marvel Comics,Female,NA,blue,Black,170,61,good,75,10,12,14,28,56,195
Sandman,Marvel Comics,Male,Human,brown,Brown,185,203,neutral,50,75,47,97,62,56,387
Sasquatch,Marvel Comics,Male,NA,red,Orange,305,900,good,75,80,23,56,15,42,291
Sauron,J. R. R. Tolkien,Male,Maiar,NA,NA,279,99,bad,NA,NA,NA,NA,NA,NA,NA
Savage Dragon,Image Comics,Male,NA,NA,NA,99,99,good,63,70,54,85,49,72,393
Scarecrow,DC Comics,Male,Human,blue,Brown,183,63,bad,81,10,12,14,48,50,215
Scarlet Spider,Marvel Comics,Male,Human,blue,Blond,178,74,good,75,53,60,74,39,56,357
Scarlet Spider II,Marvel Comics,Male,Clone,brown,Brown,193,113,good,88,55,60,40,30,56,329
Scarlet Witch,Marvel Comics,Female,Mutant,blue,Brown,170,59,bad,88,10,23,42,67,28,258
Scorpia,Marvel Comics,Female,NA,green,Red,99,99,bad,38,28,42,28,34,28,198
Scorpion,Marvel Comics,Male,Human,brown,Brown,211,310,bad,50,52,60,85,49,80,376
Sebastian Shaw,Marvel Comics,Male,Mutant,NA,NA,99,99,bad,NA,NA,NA,NA,NA,NA,NA
Sentry,Marvel Comics,Male,Mutant,blue,Blond,188,87,neutral,75,80,58,84,97,54,448
Shadow King,Marvel Comics,NA,NA,red,NA,185,149,good,75,12,27,100,100,75,389
Shadow Lass,DC Comics,Female,Talokite,black,Black,173,54,good,NA,NA,NA,NA,NA,NA,NA
Shadowcat,Marvel Comics,Female,Mutant,hazel,Brown,168,50,good,88,8,21,25,69,70,281
ShangChi,Marvel Comics,Male,Human,brown,Black,178,79,good,63,12,30,50,25,100,280
Shatterstar,Marvel Comics,Male,NA,brown,Red,191,88,good,63,48,45,64,42,84,346
SheHulk,Marvel Comics,Female,Human,green,Green,201,315,good,69,100,42,100,33,70,414
Shocker,Marvel Comics,Male,Human,brown,Brown,175,79,bad,63,10,23,70,63,56,285
Shriek,Marvel Comics,Female,NA,yellow / blue,Black,173,52,good,50,10,23,28,45,42,198
Sif,Marvel Comics,Female,Asgardian,blue,Black,188,191,good,50,57,25,52,19,70,273
Silk,Marvel Comics,Female,Human,brown,Black,99,99,good,NA,NA,NA,NA,NA,NA,NA
Silver Surfer,Marvel Comics,Male,Alien,white,No Hair,193,101,good,63,100,84,101,100,32,480
Silverclaw,Marvel Comics,Female,NA,brown,Black,157,50,good,50,28,35,42,34,42,231
Simon Baz,DC Comics,Male,Human,bown,Black,99,99,good,NA,NA,NA,NA,NA,NA,NA
Sinestro,DC Comics,Male,Korugaran,black,Black,201,92,neutral,75,80,53,64,100,56,428
Siren,DC Comics,Female,Atlantean,blue,Purple,175,72,bad,38,10,12,14,55,28,157
Siryn,Marvel Comics,Female,NA,blue,Strawberry Blond,168,52,bad,38,8,47,28,50,42,213
Skaar,Marvel Comics,Male,NA,green,Black,198,180,good,50,85,27,90,62,85,399
SnakeEyes,Marvel Comics,Male,Animal,NA,NA,99,99,bad,NA,NA,NA,NA,NA,NA,NA
Snowbird,Marvel Comics,Female,NA,white,Blond,178,49,good,50,32,27,42,63,52,266
Sobek,DC Comics,Male,NA,white,No Hair,99,99,good,50,34,23,46,20,56,229
Solomon Grundy,DC Comics,Male,Zombie,black,White,279,437,bad,9,93,13,100,78,30,323
Songbird,Marvel Comics,Female,NA,green,Red / White,165,65,good,75,36,27,42,55,56,291
Space Ghost,DC Comics,Male,Human,NA,NA,188,113,good,38,18,33,40,90,80,299
Spawn,Image Comics,Male,Demon,brown,Black,211,405,good,75,60,50,90,100,95,470
SpiderGirl,Marvel Comics,Female,Human,blue,Brown,170,54,good,63,38,60,65,46,75,347
SpiderGwen,Marvel Comics,Female,Human,blue,Blond,165,56,good,NA,NA,NA,NA,NA,NA,NA
SpiderMan,Marvel Comics,Male,Human,hazel,Brown,178,74,good,88,55,60,74,58,85,420
SpiderMan III,Marvel Comics,Male,Human,brown,Black,157,56,good,NA,NA,NA,NA,NA,NA,NA
SpiderWoman,Marvel Comics,Female,Human,green,Black,178,59,good,50,42,42,32,62,52,280
SpiderWoman III,Marvel Comics,Female,NA,brown,Brown,173,55,good,50,48,27,42,60,28,255
Spock,Star Trek,Male,HumanVulcan,brown,Black,185,81,good,NA,NA,NA,NA,NA,NA,NA
Spyke,Marvel Comics,Male,Mutant,brown,Blond,183,83,good,50,12,17,60,41,30,210
StarLord,Marvel Comics,Male,HumanSpartoi,blue,Blond,188,79,good,NA,NA,NA,NA,NA,NA,NA
Stardust,Marvel Comics,Male,NA,NA,NA,99,99,good,88,85,100,110,100,85,568
Starfire,DC Comics,Female,Tamaranean,green,Auburn,193,71,good,50,80,33,85,59,70,377
Stargirl,DC Comics,Female,Human,blue,Blond,165,62,good,50,40,27,90,71,56,334
Static,DC Comics,Male,Mutant,brown,Black,170,63,good,NA,NA,NA,NA,NA,NA,NA
Steel,DC Comics,Male,NA,brown,No Hair,201,131,good,81,82,53,90,64,64,434
Stephanie Powell,ABC Studios,Female,NA,NA,Blond,99,99,good,69,10,54,10,17,10,170
Steppenwolf,DC Comics,Male,New God,red,Black,183,91,bad,NA,NA,NA,NA,NA,NA,NA
Storm,Marvel Comics,Female,Mutant,blue,White,180,57,good,75,10,47,30,88,75,325
Stormtrooper,George Lucas,Male,Human,NA,NA,183,99,bad,NA,NA,NA,NA,NA,NA,NA
Sunspot,Marvel Comics,Male,Mutant,brown,black,173,77,good,63,63,35,25,79,70,335
Superboy,DC Comics,Male,NA,blue,Black,170,68,good,75,95,83,90,84,60,487
SuperboyPrime,DC Comics,Male,Kryptonian,blue,Black / Blue,180,77,bad,94,100,100,100,100,85,579
Supergirl,DC Comics,Female,Kryptonian,blue,Blond,165,54,good,94,98,92,100,85,75,544
Superman,DC Comics,Male,Kryptonian,blue,Black,191,101,good,100,100,100,100,94,85,579
Swamp Thing,DC Comics,Male,God / Eternal,red,No Hair,99,99,bad,88,80,23,100,66,56,413
Swarm,Marvel Comics,Male,Mutant,yellow,No Hair,196,47,bad,NA,NA,NA,NA,NA,NA,NA
Sylar,NBC  Heroes,Male,NA,NA,NA,99,99,bad,75,10,12,28,91,56,272
Synch,Marvel Comics,Male,NA,brown,Black,180,74,good,75,67,23,28,74,56,323
T1000,Dark Horse Comics,Male,Android,NA,NA,183,146,bad,NA,NA,NA,NA,NA,NA,NA
T800,Dark Horse Comics,Male,Cyborg,red,NA,99,176,bad,NA,NA,NA,NA,NA,NA,NA
T850,Dark Horse Comics,Male,Cyborg,red,NA,99,198,bad,NA,NA,NA,NA,NA,NA,NA
TX,Dark Horse Comics,Female,Cyborg,NA,NA,99,149,bad,NA,NA,NA,NA,NA,NA,NA
Taskmaster,Marvel Comics,Male,Human,brown,Brown,188,99,bad,NA,NA,NA,NA,NA,NA,NA
Tempest,Marvel Comics,Female,NA,brown,Black,163,54,good,38,10,45,28,62,60,243
Thanos,Marvel Comics,Male,Eternal,red,No Hair,201,443,bad,88,100,17,100,100,80,485
The Cape,NA,Male,NA,NA,NA,99,99,good,38,10,23,32,22,64,189
The Comedian,DC Comics,Male,Human,brown,Black,188,101,neutral,63,14,17,10,12,80,196
Thing,Marvel Comics,Male,Human / Radiation,blue,No Hair,183,225,good,75,84,21,90,26,80,376
Thor,Marvel Comics,Male,Asgardian,blue,Blond,198,288,good,69,100,92,100,100,85,546
Thor Girl,Marvel Comics,Female,Asgardian,blue,Blond,175,143,good,75,83,70,84,100,70,482
Thunderbird,Marvel Comics,Male,NA,brown,Black,185,101,good,50,32,27,32,14,70,225
Thunderstrike,Marvel Comics,Male,NA,blue,Blond,198,288,good,63,80,70,84,31,72,400
Thundra,Marvel Comics,Female,NA,green,Red,218,158,good,38,81,32,64,26,54,295
Tiger Shark,Marvel Comics,Male,Human,grey,No Hair,185,203,bad,38,72,42,70,21,28,271
Tigra,Marvel Comics,Female,NA,green,Auburn,178,81,good,63,32,53,38,33,90,309
Tinkerer,Marvel Comics,Male,NA,brown,White,163,54,bad,100,10,23,14,10,14,171
Toad,Marvel Comics,Male,Mutant,black,Brown,175,76,neutral,50,34,58,56,49,28,275
Toxin,Marvel Comics,Male,Symbiote,blue,Brown,188,97,good,56,73,70,84,75,70,428
Toxin,Marvel Comics,Male,Symbiote,black,Blond,191,117,good,NA,NA,NA,NA,NA,NA,NA
Trigon,DC Comics,Male,God / Eternal,yellow,Black,99,99,bad,NA,NA,NA,NA,NA,NA,NA
Triplicate Girl,DC Comics,Female,NA,purple,Brown,168,59,good,63,10,23,42,44,42,224
Triton,Marvel Comics,Male,Inhuman,green,No Hair,188,86,good,NA,NA,NA,NA,NA,NA,NA
TwoFace,DC Comics,Male,NA,NA,NA,183,82,bad,88,10,12,14,9,28,161
Ultragirl,Marvel Comics,Female,NA,blue,Blond,168,105,good,50,80,35,70,35,80,350
Ultron,Marvel Comics,Male,Android,red,NA,206,331,bad,88,83,42,100,100,64,477
UtgardLoki,Marvel Comics,Male,Frost Giant,blue,White,15.2,58,bad,50,80,23,84,72,64,373
Vanisher,Marvel Comics,Male,NA,green,No Hair,165,79,bad,63,10,75,56,39,42,285
Vegeta,Shueisha,Male,Saiyan,NA,Black,168,73,bad,NA,NA,NA,NA,NA,NA,NA
Venom,Marvel Comics,Male,Symbiote,blue,Strawberry Blond,191,117,bad,75,57,65,84,79,84,444
Venom II,Marvel Comics,Male,NA,brown,Black,175,50,bad,50,57,47,70,54,56,334
Venom III,Marvel Comics,Male,Symbiote,brown,Brown,229,334,bad,63,73,35,90,66,56,383
Venompool,Marvel Comics,Male,Symbiote,NA,NA,226,99,NA,NA,NA,NA,NA,NA,NA,NA
Vibe,DC Comics,Male,Human,brown,Black,178,71,good,NA,NA,NA,NA,NA,NA,NA
Vindicator II,Marvel Comics,Male,NA,NA,NA,99,99,good,63,63,53,64,56,70,369
Violet Parr,Dark Horse Comics,Female,Human,violet,Black,137,41,good,NA,NA,NA,NA,NA,NA,NA
Vision,Marvel Comics,Male,Android,gold,No Hair,191,135,good,100,72,54,95,76,70,467
Vixen,DC Comics,Female,Human,amber,Black,175,63,good,NA,NA,NA,NA,NA,NA,NA
Vulture,Marvel Comics,Male,Human,brown,No Hair,180,79,bad,63,22,47,56,40,56,284
Walrus,Marvel Comics,Male,Human,blue,Black,183,162,bad,50,28,8,50,11,20,167
War Machine,Marvel Comics,Male,Human,brown,Brown,185,95,good,63,80,63,100,100,85,491
Warlock,Marvel Comics,Male,NA,red,Blond,188,108,good,88,36,79,95,71,95,464
Warp,DC Comics,Male,NA,brown,Black,173,67,bad,38,10,23,28,63,50,212
Warpath,Marvel Comics,Male,Mutant,brown,Black,218,158,good,38,72,47,70,26,84,337
Wasp,Marvel Comics,Female,Human,blue,Auburn,163,50,good,63,8,58,52,23,42,246
Watcher,Marvel Comics,Male,NA,NA,NA,99,99,good,100,80,67,89,100,56,492
White Canary,DC Comics,Female,Human,brown,Black,99,99,bad,NA,NA,NA,NA,NA,NA,NA
Wildfire,DC Comics,Male,NA,NA,NA,99,99,good,50,32,23,100,77,42,324
Winter Soldier,Marvel Comics,Male,Human,brown,Brown,175,117,good,56,32,35,65,60,84,332
Wolfsbane,Marvel Comics,Female,NA,green,Auburn,366,473,good,38,16,35,42,26,42,199
Wolverine,Marvel Comics,Male,Mutant,blue,Black,160,135,good,55,32,38,100,44,100,369
Wonder Girl,DC Comics,Female,DemiGod,blue,Blond,165,51,good,75,90,25,80,39,60,369
Wonder Man,Marvel Comics,Male,NA,red,Black,188,171,good,75,100,53,90,64,64,446
Wonder Woman,DC Comics,Female,Amazon,blue,Black,183,74,good,88,100,50,100,42,100,480
Wyatt Wingfoot,Marvel Comics,Male,NA,brown,Black,196,117,good,10,10,12,1,1,56,90
X23,Marvel Comics,Female,Mutant / Clone,green,Black,155,50,good,75,24,35,90,27,85,336
XMan,Marvel Comics,Male,NA,blue,Brown,175,61,good,88,53,53,95,92,84,465
Yellowjacket,Marvel Comics,Male,Human,blue,Blond,183,83,good,88,10,12,28,12,14,164
Yellowjacket II,Marvel Comics,Female,Human,blue,Strawberry Blond,165,52,good,50,10,35,28,31,28,182
Ymir,Marvel Comics,Male,Frost Giant,white,No Hair,304.8,99,good,50,100,27,100,83,28,388
Yoda,George Lucas,Male,Yoda's species,brown,White,66,17,good,NA,NA,NA,NA,NA,NA,NA
Zatanna,DC Comics,Female,Human,blue,Black,170,57,good,75,10,23,28,100,56,292
Zoom,DC Comics,Male,NA,red,Brown,185,81,bad,50,10,100,28,72,28,288